<?xml version="1.0" encoding="UTF-8" standalone="yes"?>
<addon id="repository.areakodi" name="areakodi" version="0.0.1" provider-name="areakodi">
	<extension point="xbmc.addon.repository" name="areakodi">
		<dir>
			<info compressed="false">https://offshoregit.com/tvaresolvers/tva-common-repository/raw/master/addons.xml</info>
			<checksum>https://offshoregit.com/tvaresolvers/tva-common-repository/raw/master/addons.xml.md5</checksum>
			<datadir zip="true">https://offshoregit.com/tvaresolvers/tva-common-repository/raw/master/zips/</datadir>
		</dir>
		<dir>
			<info compressed="false">https://raw.githubusercontent.com/noobsandnerds/modules4all/master/zips/addons.xml</info>
			<checksum>https://raw.githubusercontent.com/noobsandnerds/modules4all/master/zips/addons.xml.md5</checksum>
			<datadir zip="true">https://raw.githubusercontent.com/noobsandnerds/modules4all/master/zips/</datadir>
		</dir>
		<info compressed="false">https://raw.githubusercontent.com/areakodi/repository.areakodi/master/zips/addons.xml</info>
		<checksum>https://raw.githubusercontent.com/areakodi/repository.areakodi/master/zips/addons.xml.md5</checksum>
		<datadir zip="true">https://raw.githubusercontent.com/areakodi/repository.areakodi/master/zips/</datadir>
	</extension>
	<extension point="xbmc.addon.metadata">
		<summary lang="en">Peliculas & Series</summary>
		<description lang="en">Peliculas & Series</description>
		<genre>movies,tvshows,spanish,usa</genre>
	</extension>
</addon>